{
  "dataconnect": {
    "source": "dataconnect"
  },
  "firestore": {
    "rules": "firestore.rules",
    "indexes": "firestore.indexes.json"
  },
  "storage": {
    "rules": "storage.rules"
  },
  "emulators": {
    "firestore": {
      "port": 8080
    },
    "database": {
      "port": 9000
    },
    "storage": {
      "port": 9199
    },
    "dataconnect": {
      "port": 9399
    },
    "tasks": {
      "port": 9499
    },
    "ui": {
      "enabled": true
    },
    "singleProjectMode": true
  },
  "remoteconfig": {
    "template": "remoteconfig.template.json"
  },
  "extensions": {},
  "database": {
    "rules": "database.rules.json"
  },
  "hosting": {
    "public": "public",
    "ignore": [
      "firebase.json",
      "**/.*",
      "**/node_modules/**"
    ],
    "rewrites": [
      {
        "source": "**",
        "destination": "/index.html"
      },
      {
        "source": "/:urlHash",
        "destination": "/index.html"
      }
    ],
    "headers": [
      {
        "source": "**",
        "headers": [
          {
            "key": "Cache-Control",
            "value": "max-age=3600"
          },
          {
            "key": "X-Frame-Options",
            "value": "DENY"
          },
          {
            "key": "X-Content-Type-Options",
            "value": "nosniff"
          }
        ]
      }
    ]
  }
}
